{
  "entailment": {
    "precision": 0.994729907773386,
    "recall": 0.9986772486772487,
    "f1-score": 0.9966996699669967,
    "support": 756.0
  },
  "neutral": {
    "precision": 1.0,
    "recall": 1.0,
    "f1-score": 1.0,
    "support": 759.0
  },
  "contradiction": {
    "precision": 0.9986876640419947,
    "recall": 0.9947712418300654,
    "f1-score": 0.9967256057629339,
    "support": 765.0
  },
  "accuracy": 0.9978070175438597,
  "macro avg": {
    "precision": 0.9978058572717936,
    "recall": 0.9978161635024381,
    "f1-score": 0.9978084252433103,
    "support": 2280.0
  },
  "weighted avg": {
    "precision": 0.9978122251178972,
    "recall": 0.9978070175438597,
    "f1-score": 0.9978070346068831,
    "support": 2280.0
  }
}