{
  "entailment": {
    "precision": 0.36223929747530187,
    "recall": 0.39615846338535415,
    "f1-score": 0.37844036697247707,
    "support": 833.0
  },
  "neutral": {
    "precision": 0.4287396937573616,
    "recall": 0.4364508393285372,
    "f1-score": 0.4325609031491384,
    "support": 834.0
  },
  "contradiction": {
    "precision": 0.3783783783783784,
    "recall": 0.33613445378151263,
    "f1-score": 0.35600762873490144,
    "support": 833.0
  },
  "accuracy": 0.3896,
  "macro avg": {
    "precision": 0.38978578987034734,
    "recall": 0.3895812521651347,
    "f1-score": 0.3890029662855056,
    "support": 2500.0
  },
  "weighted avg": {
    "precision": 0.389801371431902,
    "recall": 0.3896,
    "f1-score": 0.38902038946025114,
    "support": 2500.0
  }
}