{
  "entailment": {
    "precision": 0.29635761589403975,
    "recall": 0.2148859543817527,
    "f1-score": 0.24913013221990257,
    "support": 833.0
  },
  "neutral": {
    "precision": 0.3829174664107486,
    "recall": 0.4784172661870504,
    "f1-score": 0.4253731343283582,
    "support": 834.0
  },
  "contradiction": {
    "precision": 0.39695550351288056,
    "recall": 0.4069627851140456,
    "f1-score": 0.4018968583283936,
    "support": 833.0
  },
  "accuracy": 0.3668,
  "macro avg": {
    "precision": 0.3587435286058896,
    "recall": 0.3667553352276163,
    "f1-score": 0.35880004162555146,
    "support": 2500.0
  },
  "weighted avg": {
    "precision": 0.3587531981810116,
    "recall": 0.3668,
    "f1-score": 0.35882667086263265,
    "support": 2500.0
  }
}