{
  "entailment": {
    "precision": 0.25274725274725274,
    "recall": 0.23,
    "f1-score": 0.24083769633507854,
    "support": 100.0
  },
  "neutral": {
    "precision": 0.34057971014492755,
    "recall": 0.47,
    "f1-score": 0.3949579831932773,
    "support": 100.0
  },
  "contradiction": {
    "precision": 0.23943661971830985,
    "recall": 0.17,
    "f1-score": 0.19883040935672514,
    "support": 100.0
  },
  "accuracy": 0.29,
  "macro avg": {
    "precision": 0.27758786087016335,
    "recall": 0.29,
    "f1-score": 0.278208696295027,
    "support": 300.0
  },
  "weighted avg": {
    "precision": 0.27758786087016335,
    "recall": 0.29,
    "f1-score": 0.278208696295027,
    "support": 300.0
  }
}