{
  "entailment": {
    "precision": 0.7549019607843137,
    "recall": 0.77,
    "f1-score": 0.7623762376237624,
    "support": 100.0
  },
  "neutral": {
    "precision": 0.7523809523809524,
    "recall": 0.79,
    "f1-score": 0.7707317073170732,
    "support": 100.0
  },
  "contradiction": {
    "precision": 0.8279569892473119,
    "recall": 0.77,
    "f1-score": 0.7979274611398963,
    "support": 100.0
  },
  "accuracy": 0.7766666666666666,
  "macro avg": {
    "precision": 0.7784133008041927,
    "recall": 0.7766666666666667,
    "f1-score": 0.7770118020269106,
    "support": 300.0
  },
  "weighted avg": {
    "precision": 0.7784133008041927,
    "recall": 0.7766666666666666,
    "f1-score": 0.7770118020269107,
    "support": 300.0
  }
}