{
  "entailment": {
    "precision": 0.4619289340101523,
    "recall": 0.91,
    "f1-score": 0.6127946127946128,
    "support": 100.0
  },
  "neutral": {
    "precision": 0.7027027027027027,
    "recall": 0.26,
    "f1-score": 0.3795620437956204,
    "support": 100.0
  },
  "contradiction": {
    "precision": 0.7121212121212122,
    "recall": 0.47,
    "f1-score": 0.5662650602409639,
    "support": 100.0
  },
  "accuracy": 0.5466666666666666,
  "macro avg": {
    "precision": 0.625584282944689,
    "recall": 0.5466666666666666,
    "f1-score": 0.5195405722770657,
    "support": 300.0
  },
  "weighted avg": {
    "precision": 0.6255842829446892,
    "recall": 0.5466666666666666,
    "f1-score": 0.5195405722770656,
    "support": 300.0
  }
}