{
  "entailment": {
    "precision": 0.9705882352941176,
    "recall": 1.0,
    "f1-score": 0.9850746268656716,
    "support": 66.0
  },
  "neutral": {
    "precision": 1.0,
    "recall": 1.0,
    "f1-score": 1.0,
    "support": 58.0
  },
  "contradiction": {
    "precision": 1.0,
    "recall": 0.9661016949152542,
    "f1-score": 0.9827586206896551,
    "support": 59.0
  },
  "accuracy": 0.9890710382513661,
  "macro avg": {
    "precision": 0.9901960784313726,
    "recall": 0.9887005649717514,
    "f1-score": 0.9892777491851089,
    "support": 183.0
  },
  "weighted avg": {
    "precision": 0.9893924783027965,
    "recall": 0.9890710382513661,
    "f1-score": 0.9890583824799125,
    "support": 183.0
  }
}