{
  "entailment": {
    "precision": 0.8320707070707071,
    "recall": 0.7911164465786314,
    "f1-score": 0.811076923076923,
    "support": 833.0
  },
  "neutral": {
    "precision": 0.7425,
    "recall": 0.7122302158273381,
    "f1-score": 0.7270501835985312,
    "support": 834.0
  },
  "contradiction": {
    "precision": 0.7654185022026432,
    "recall": 0.8343337334933973,
    "f1-score": 0.7983917288914417,
    "support": 833.0
  },
  "accuracy": 0.7792,
  "macro avg": {
    "precision": 0.7799964030911167,
    "recall": 0.7792267986331224,
    "f1-score": 0.778839611855632,
    "support": 2500.0
  },
  "weighted avg": {
    "precision": 0.7799814045298803,
    "recall": 0.7792,
    "f1-score": 0.7788188960843292,
    "support": 2500.0
  }
}