{
  "entailment": {
    "precision": 0.28083209509658247,
    "recall": 0.226890756302521,
    "f1-score": 0.250996015936255,
    "support": 833.0
  },
  "neutral": {
    "precision": 0.2921646746347942,
    "recall": 0.2637889688249401,
    "f1-score": 0.2772526780088217,
    "support": 834.0
  },
  "contradiction": {
    "precision": 0.31843575418994413,
    "recall": 0.4105642256902761,
    "f1-score": 0.3586785527005768,
    "support": 833.0
  },
  "accuracy": 0.3004,
  "macro avg": {
    "precision": 0.29714417464044024,
    "recall": 0.3004146502725791,
    "f1-score": 0.29564241554855114,
    "support": 2500.0
  },
  "weighted avg": {
    "precision": 0.297142182840438,
    "recall": 0.3004,
    "f1-score": 0.29563505965353526,
    "support": 2500.0
  }
}