run_name,epoch,global_step,train_loss,learning_rate,dev_accuracy
WANLI_GNLI_PROXY_3way,1,25,0.3280617821216583,0.0004597701149425287,
WANLI_GNLI_PROXY_3way,1,50,0.2860195531137288,0.0003879310344827586,
WANLI_GNLI_PROXY_3way,1,75,0.26213517163996586,0.0003160919540229885,
WANLI_GNLI_PROXY_3way,1,100,0.2497906050659367,0.0002442528735632184,
WANLI_GNLI_PROXY_3way,1,125,0.2386585487204138,0.0001724137931034483,
WANLI_GNLI_PROXY_3way,1,150,0.23023828252820142,0.00010057471264367816,
WANLI_GNLI_PROXY_3way,1,175,0.226174660292953,2.8735632183908045e-05,
WANLI_GNLI_PROXY_3way,1,185,0.22483860128921004,0.0,1.0
