run_name,epoch,global_step,train_loss,learning_rate,dev_accuracy
MNLI_GNLI_PROXY_3way,1,25,0.24249834721907973,0.0004597701149425287,
MNLI_GNLI_PROXY_3way,1,50,0.21733924508094787,0.0003879310344827586,
MNLI_GNLI_PROXY_3way,1,75,0.2066699705195303,0.0003160919540229885,
MNLI_GNLI_PROXY_3way,1,100,0.19409978213952855,0.0002442528735632184,
MNLI_GNLI_PROXY_3way,1,125,0.17698827626742422,0.0001724137931034483,
MNLI_GNLI_PROXY_3way,1,150,0.16909493327645275,0.00010057471264367816,
MNLI_GNLI_PROXY_3way,1,175,0.1654660647874698,2.8735632183908045e-05,
MNLI_GNLI_PROXY_3way,1,185,0.16327070198714028,0.0,1.0
