{
  "entailment": {
    "precision": 0.289873417721519,
    "recall": 0.27490996398559425,
    "f1-score": 0.28219346888478125,
    "support": 833.0
  },
  "neutral": {
    "precision": 0.3091364205256571,
    "recall": 0.2961630695443645,
    "f1-score": 0.3025107164727495,
    "support": 834.0
  },
  "contradiction": {
    "precision": 0.3029637760702525,
    "recall": 0.33133253301320525,
    "f1-score": 0.3165137614678899,
    "support": 833.0
  },
  "accuracy": 0.3008,
  "macro avg": {
    "precision": 0.30065787143914285,
    "recall": 0.30080185551438804,
    "f1-score": 0.3004059822751402,
    "support": 2500.0
  },
  "weighted avg": {
    "precision": 0.3006612628587774,
    "recall": 0.3008,
    "f1-score": 0.30040682416881925,
    "support": 2500.0
  }
}