{
  "entailment": {
    "precision": 0.2857142857142857,
    "recall": 0.28,
    "f1-score": 0.2828282828282828,
    "support": 100.0
  },
  "neutral": {
    "precision": 0.35106382978723405,
    "recall": 0.33,
    "f1-score": 0.3402061855670103,
    "support": 100.0
  },
  "contradiction": {
    "precision": 0.3333333333333333,
    "recall": 0.36,
    "f1-score": 0.34615384615384615,
    "support": 100.0
  },
  "accuracy": 0.3233333333333333,
  "macro avg": {
    "precision": 0.323370482944951,
    "recall": 0.32333333333333336,
    "f1-score": 0.32306277151637974,
    "support": 300.0
  },
  "weighted avg": {
    "precision": 0.323370482944951,
    "recall": 0.3233333333333333,
    "f1-score": 0.32306277151637974,
    "support": 300.0
  }
}