{
  "entailment": {
    "precision": 0.3258426966292135,
    "recall": 0.58,
    "f1-score": 0.4172661870503597,
    "support": 100.0
  },
  "neutral": {
    "precision": 0.3780487804878049,
    "recall": 0.31,
    "f1-score": 0.34065934065934067,
    "support": 100.0
  },
  "contradiction": {
    "precision": 0.25,
    "recall": 0.1,
    "f1-score": 0.14285714285714285,
    "support": 100.0
  },
  "accuracy": 0.33,
  "macro avg": {
    "precision": 0.3179638257056728,
    "recall": 0.32999999999999996,
    "f1-score": 0.3002608901889477,
    "support": 300.0
  },
  "weighted avg": {
    "precision": 0.3179638257056728,
    "recall": 0.33,
    "f1-score": 0.30026089018894775,
    "support": 300.0
  }
}