{
  "entailment": {
    "precision": 0.5238095238095238,
    "recall": 0.88,
    "f1-score": 0.6567164179104478,
    "support": 100.0
  },
  "neutral": {
    "precision": 0.5737704918032787,
    "recall": 0.35,
    "f1-score": 0.43478260869565216,
    "support": 100.0
  },
  "contradiction": {
    "precision": 0.7887323943661971,
    "recall": 0.56,
    "f1-score": 0.6549707602339181,
    "support": 100.0
  },
  "accuracy": 0.5966666666666667,
  "macro avg": {
    "precision": 0.6287708033263332,
    "recall": 0.5966666666666667,
    "f1-score": 0.5821565956133393,
    "support": 300.0
  },
  "weighted avg": {
    "precision": 0.6287708033263332,
    "recall": 0.5966666666666667,
    "f1-score": 0.5821565956133393,
    "support": 300.0
  }
}