{
  "entailment": {
    "precision": 0.5447154471544715,
    "recall": 0.67,
    "f1-score": 0.600896860986547,
    "support": 100.0
  },
  "neutral": {
    "precision": 0.7435897435897436,
    "recall": 0.29,
    "f1-score": 0.4172661870503597,
    "support": 100.0
  },
  "contradiction": {
    "precision": 0.5869565217391305,
    "recall": 0.81,
    "f1-score": 0.680672268907563,
    "support": 100.0
  },
  "accuracy": 0.59,
  "macro avg": {
    "precision": 0.6250872374944486,
    "recall": 0.59,
    "f1-score": 0.56627843898149,
    "support": 300.0
  },
  "weighted avg": {
    "precision": 0.6250872374944485,
    "recall": 0.59,
    "f1-score": 0.56627843898149,
    "support": 300.0
  }
}