{
  "entailment": {
    "precision": 0.4090909090909091,
    "recall": 0.27,
    "f1-score": 0.3253012048192771,
    "support": 100.0
  },
  "neutral": {
    "precision": 0.4051724137931034,
    "recall": 0.47,
    "f1-score": 0.4351851851851852,
    "support": 100.0
  },
  "contradiction": {
    "precision": 0.3644067796610169,
    "recall": 0.43,
    "f1-score": 0.3944954128440367,
    "support": 100.0
  },
  "accuracy": 0.39,
  "macro avg": {
    "precision": 0.3928900341816765,
    "recall": 0.38999999999999996,
    "f1-score": 0.384993934282833,
    "support": 300.0
  },
  "weighted avg": {
    "precision": 0.3928900341816765,
    "recall": 0.39,
    "f1-score": 0.38499393428283296,
    "support": 300.0
  }
}