{
  "entailment": {
    "precision": 0.7848101265822784,
    "recall": 0.62,
    "f1-score": 0.6927374301675978,
    "support": 100.0
  },
  "neutral": {
    "precision": 0.6324786324786325,
    "recall": 0.74,
    "f1-score": 0.6820276497695853,
    "support": 100.0
  },
  "contradiction": {
    "precision": 0.6923076923076923,
    "recall": 0.72,
    "f1-score": 0.7058823529411765,
    "support": 100.0
  },
  "accuracy": 0.6933333333333334,
  "macro avg": {
    "precision": 0.7031988171228677,
    "recall": 0.6933333333333334,
    "f1-score": 0.6935491442927866,
    "support": 300.0
  },
  "weighted avg": {
    "precision": 0.7031988171228677,
    "recall": 0.6933333333333334,
    "f1-score": 0.6935491442927866,
    "support": 300.0
  }
}