{
  "entailment": {
    "precision": 0.4925373134328358,
    "recall": 0.66,
    "f1-score": 0.5641025641025641,
    "support": 100.0
  },
  "neutral": {
    "precision": 0.7,
    "recall": 0.28,
    "f1-score": 0.4,
    "support": 100.0
  },
  "contradiction": {
    "precision": 0.5952380952380952,
    "recall": 0.75,
    "f1-score": 0.6637168141592921,
    "support": 100.0
  },
  "accuracy": 0.5633333333333334,
  "macro avg": {
    "precision": 0.5959251362236437,
    "recall": 0.5633333333333334,
    "f1-score": 0.5426064594206187,
    "support": 300.0
  },
  "weighted avg": {
    "precision": 0.5959251362236437,
    "recall": 0.5633333333333334,
    "f1-score": 0.5426064594206187,
    "support": 300.0
  }
}