{
  "entailment": {
    "precision": 1.0,
    "recall": 0.7575757575757576,
    "f1-score": 0.8620689655172413,
    "support": 66.0
  },
  "neutral": {
    "precision": 1.0,
    "recall": 1.0,
    "f1-score": 1.0,
    "support": 58.0
  },
  "contradiction": {
    "precision": 0.7866666666666666,
    "recall": 1.0,
    "f1-score": 0.8805970149253731,
    "support": 59.0
  },
  "accuracy": 0.912568306010929,
  "macro avg": {
    "precision": 0.9288888888888889,
    "recall": 0.9191919191919192,
    "f1-score": 0.9142219934808714,
    "support": 183.0
  },
  "weighted avg": {
    "precision": 0.9312204007285975,
    "recall": 0.912568306010929,
    "f1-score": 0.9117583366378958,
    "support": 183.0
  }
}