{
  "entailment": {
    "precision": 0.2898550724637681,
    "recall": 0.2,
    "f1-score": 0.23668639053254437,
    "support": 100.0
  },
  "neutral": {
    "precision": 0.40601503759398494,
    "recall": 0.54,
    "f1-score": 0.463519313304721,
    "support": 100.0
  },
  "contradiction": {
    "precision": 0.40816326530612246,
    "recall": 0.4,
    "f1-score": 0.40404040404040403,
    "support": 100.0
  },
  "accuracy": 0.38,
  "macro avg": {
    "precision": 0.36801112512129186,
    "recall": 0.38000000000000006,
    "f1-score": 0.3680820359592231,
    "support": 300.0
  },
  "weighted avg": {
    "precision": 0.36801112512129186,
    "recall": 0.38,
    "f1-score": 0.3680820359592231,
    "support": 300.0
  }
}