{
  "entailment": {
    "precision": 1.0,
    "recall": 0.6818181818181818,
    "f1-score": 0.8108108108108109,
    "support": 66.0
  },
  "neutral": {
    "precision": 0.7945205479452054,
    "recall": 1.0,
    "f1-score": 0.8854961832061069,
    "support": 58.0
  },
  "contradiction": {
    "precision": 0.8769230769230769,
    "recall": 0.9661016949152542,
    "f1-score": 0.9193548387096774,
    "support": 59.0
  },
  "accuracy": 0.8743169398907104,
  "macro avg": {
    "precision": 0.8904812082894275,
    "recall": 0.8826399589111453,
    "f1-score": 0.8718872775755316,
    "support": 183.0
  },
  "weighted avg": {
    "precision": 0.8951948268813303,
    "recall": 0.8743169398907104,
    "f1-score": 0.8694766536794464,
    "support": 183.0
  }
}