{
  "entailment": {
    "precision": 0.3826086956521739,
    "recall": 0.44,
    "f1-score": 0.40930232558139534,
    "support": 100.0
  },
  "neutral": {
    "precision": 0.4444444444444444,
    "recall": 0.32,
    "f1-score": 0.37209302325581395,
    "support": 100.0
  },
  "contradiction": {
    "precision": 0.39823008849557523,
    "recall": 0.45,
    "f1-score": 0.4225352112676056,
    "support": 100.0
  },
  "accuracy": 0.4033333333333333,
  "macro avg": {
    "precision": 0.4084277428640645,
    "recall": 0.4033333333333333,
    "f1-score": 0.40131018670160495,
    "support": 300.0
  },
  "weighted avg": {
    "precision": 0.4084277428640645,
    "recall": 0.4033333333333333,
    "f1-score": 0.40131018670160495,
    "support": 300.0
  }
}