{
  "entailment": {
    "precision": 0.4727272727272727,
    "recall": 0.78,
    "f1-score": 0.5886792452830188,
    "support": 100.0
  },
  "neutral": {
    "precision": 0.6206896551724138,
    "recall": 0.18,
    "f1-score": 0.27906976744186046,
    "support": 100.0
  },
  "contradiction": {
    "precision": 0.6509433962264151,
    "recall": 0.69,
    "f1-score": 0.6699029126213593,
    "support": 100.0
  },
  "accuracy": 0.55,
  "macro avg": {
    "precision": 0.5814534413753673,
    "recall": 0.5499999999999999,
    "f1-score": 0.5125506417820795,
    "support": 300.0
  },
  "weighted avg": {
    "precision": 0.5814534413753673,
    "recall": 0.55,
    "f1-score": 0.5125506417820795,
    "support": 300.0
  }
}