{
  "entailment": {
    "precision": 0.6666666666666666,
    "recall": 0.8,
    "f1-score": 0.7272727272727273,
    "support": 100.0
  },
  "neutral": {
    "precision": 0.6666666666666666,
    "recall": 0.62,
    "f1-score": 0.6424870466321243,
    "support": 100.0
  },
  "contradiction": {
    "precision": 0.7701149425287356,
    "recall": 0.67,
    "f1-score": 0.7165775401069518,
    "support": 100.0
  },
  "accuracy": 0.6966666666666667,
  "macro avg": {
    "precision": 0.7011494252873564,
    "recall": 0.6966666666666667,
    "f1-score": 0.6954457713372678,
    "support": 300.0
  },
  "weighted avg": {
    "precision": 0.7011494252873562,
    "recall": 0.6966666666666667,
    "f1-score": 0.6954457713372679,
    "support": 300.0
  }
}