{
  "entailment": {
    "precision": 0.6253807106598985,
    "recall": 0.7104959630911188,
    "f1-score": 0.6652267818574514,
    "support": 867.0
  },
  "neutral": {
    "precision": 0.6348228043143297,
    "recall": 0.4697833523375142,
    "f1-score": 0.5399737876802096,
    "support": 877.0
  },
  "contradiction": {
    "precision": 0.6374133949191686,
    "recall": 0.7301587301587301,
    "f1-score": 0.6806411837237978,
    "support": 756.0
  },
  "accuracy": 0.632,
  "macro avg": {
    "precision": 0.6325389699644656,
    "recall": 0.6368126818624544,
    "f1-score": 0.6286139177538196,
    "support": 2500.0
  },
  "weighted avg": {
    "precision": 0.6323316808338763,
    "recall": 0.632,
    "f1-score": 0.6259493466244581,
    "support": 2500.0
  }
}