{
  "entailment": {
    "precision": 0.35570469798657717,
    "recall": 0.3817527010804322,
    "f1-score": 0.3682686740011581,
    "support": 833.0
  },
  "neutral": {
    "precision": 0.4315245478036176,
    "recall": 0.40047961630695444,
    "f1-score": 0.4154228855721393,
    "support": 834.0
  },
  "contradiction": {
    "precision": 0.3713942307692308,
    "recall": 0.3709483793517407,
    "f1-score": 0.37117117117117115,
    "support": 833.0
  },
  "accuracy": 0.3844,
  "macro avg": {
    "precision": 0.38620782551980853,
    "recall": 0.3843935655797091,
    "f1-score": 0.3849542435814895,
    "support": 2500.0
  },
  "weighted avg": {
    "precision": 0.3862259522087221,
    "recall": 0.3844,
    "f1-score": 0.38496643103828576,
    "support": 2500.0
  }
}