{
  "entailment": {
    "precision": 0.25757575757575757,
    "recall": 0.17,
    "f1-score": 0.20481927710843373,
    "support": 100.0
  },
  "neutral": {
    "precision": 0.30434782608695654,
    "recall": 0.42,
    "f1-score": 0.35294117647058826,
    "support": 100.0
  },
  "contradiction": {
    "precision": 0.28125,
    "recall": 0.27,
    "f1-score": 0.2755102040816326,
    "support": 100.0
  },
  "accuracy": 0.2866666666666667,
  "macro avg": {
    "precision": 0.2810578612209047,
    "recall": 0.2866666666666667,
    "f1-score": 0.27775688588688485,
    "support": 300.0
  },
  "weighted avg": {
    "precision": 0.2810578612209047,
    "recall": 0.2866666666666667,
    "f1-score": 0.27775688588688485,
    "support": 300.0
  }
}