{
  "entailment": {
    "precision": 0.37546816479400746,
    "recall": 0.48139255702280914,
    "f1-score": 0.42188321935823253,
    "support": 833.0
  },
  "neutral": {
    "precision": 0.47947214076246336,
    "recall": 0.3920863309352518,
    "f1-score": 0.4313984168865435,
    "support": 834.0
  },
  "contradiction": {
    "precision": 0.4013333333333333,
    "recall": 0.36134453781512604,
    "f1-score": 0.3802905874921036,
    "support": 833.0
  },
  "accuracy": 0.4116,
  "macro avg": {
    "precision": 0.4187578796299347,
    "recall": 0.41160780859106233,
    "f1-score": 0.41119074124562655,
    "support": 2500.0
  },
  "weighted avg": {
    "precision": 0.4187821653343877,
    "recall": 0.4116,
    "f1-score": 0.41119882431588284,
    "support": 2500.0
  }
}