{
  "entailment": {
    "precision": 0.7453580901856764,
    "recall": 0.6746698679471789,
    "f1-score": 0.70825456836799,
    "support": 833.0
  },
  "neutral": {
    "precision": 0.7123655913978495,
    "recall": 0.6354916067146283,
    "f1-score": 0.6717363751584284,
    "support": 834.0
  },
  "contradiction": {
    "precision": 0.6497005988023952,
    "recall": 0.7815126050420168,
    "f1-score": 0.7095367847411445,
    "support": 833.0
  },
  "accuracy": 0.6972,
  "macro avg": {
    "precision": 0.7024747601286404,
    "recall": 0.6972246932346079,
    "f1-score": 0.6965092427558544,
    "support": 2500.0
  },
  "weighted avg": {
    "precision": 0.702478716461148,
    "recall": 0.6972,
    "f1-score": 0.6964993336088153,
    "support": 2500.0
  }
}