run_name,epoch,global_step,train_loss,learning_rate,dev_accuracy
GNLI_PROXY_3way,1,25,0.09711918639644863,0.0003850574712643678,
GNLI_PROXY_3way,1,50,0.048599995111562745,0.0002413793103448276,
GNLI_PROXY_3way,1,75,0.032426129448825426,9.770114942528736e-05,
GNLI_PROXY_3way,1,91,0.026584488667458325,5.747126436781609e-06,1.0
