run_name,epoch,global_step,train_loss,learning_rate,dev_accuracy
MNLI_ANLI_WANLI_3way,1,25,0.4143932557851076,0.00046045197740112993,
MNLI_ANLI_WANLI_3way,1,50,0.38591536942869425,0.00038983050847457627,
MNLI_ANLI_WANLI_3way,1,75,0.38494897258778416,0.0003192090395480226,
MNLI_ANLI_WANLI_3way,1,100,0.37985750468447804,0.00024858757062146895,
MNLI_ANLI_WANLI_3way,1,125,0.37094315035641195,0.00017796610169491526,
MNLI_ANLI_WANLI_3way,1,150,0.36025226693600415,0.00010734463276836157,
MNLI_ANLI_WANLI_3way,1,175,0.3601799676141569,3.672316384180791e-05,
MNLI_ANLI_WANLI_3way,1,187,0.3595741867919763,2.824858757062147e-06,0.9398907103825137
