run_name,epoch,global_step,train_loss,learning_rate,dev_accuracy
WANLI_3way,1,25,0.41254272162914274,0.000423728813559322,
WANLI_3way,1,50,0.40562200248241426,0.0003177966101694915,
WANLI_3way,1,75,0.38735588441292446,0.000211864406779661,
WANLI_3way,1,100,0.3823357493430376,0.0001059322033898305,
WANLI_3way,1,125,0.3786659573912621,0.0,
WANLI_3way,1,125,0.3786659573912621,0.0,0.5366666666666666
