train_dataset,ANLI,GNLI_PROXY,MNLI,WANLI
ANLI,43.35,100.0,74.8,58.45
ANLI+GNLI_PROXY,40.2,100.0,70.95,56.55
GNLI_PROXY,31.65,100.0,61.6,48.9
MNLI,29.349999999999998,99.9,79.55,57.3
MNLI+ANLI+WANLI,40.949999999999996,99.35000000000001,77.10000000000001,64.8
MNLI+GNLI_PROXY,29.75,100.0,77.10000000000001,55.800000000000004
WANLI,35.449999999999996,89.8,67.25,64.64999999999999
WANLI+GNLI_PROXY,35.3,100.0,63.800000000000004,62.1
