{
  "entailment": {
    "precision": 0.3934262948207171,
    "recall": 0.47418967587034816,
    "f1-score": 0.43004899292324444,
    "support": 833.0
  },
  "neutral": {
    "precision": 0.4641873278236915,
    "recall": 0.4040767386091127,
    "f1-score": 0.43205128205128207,
    "support": 834.0
  },
  "contradiction": {
    "precision": 0.3974025974025974,
    "recall": 0.3673469387755102,
    "f1-score": 0.3817841547099189,
    "support": 833.0
  },
  "accuracy": 0.4152,
  "macro avg": {
    "precision": 0.4183387400156687,
    "recall": 0.4152044510849904,
    "f1-score": 0.41462814322814845,
    "support": 2500.0
  },
  "weighted avg": {
    "precision": 0.41835707945079187,
    "recall": 0.4152,
    "f1-score": 0.4146351124836778,
    "support": 2500.0
  }
}