{
  "entailment": {
    "precision": 1.0,
    "recall": 0.9986772486772487,
    "f1-score": 0.99933818663137,
    "support": 756.0
  },
  "neutral": {
    "precision": 1.0,
    "recall": 1.0,
    "f1-score": 1.0,
    "support": 759.0
  },
  "contradiction": {
    "precision": 0.9986945169712794,
    "recall": 1.0,
    "f1-score": 0.999346832135859,
    "support": 765.0
  },
  "accuracy": 0.999561403508772,
  "macro avg": {
    "precision": 0.9995648389904265,
    "recall": 0.9995590828924162,
    "f1-score": 0.9995616729224096,
    "support": 2280.0
  },
  "weighted avg": {
    "precision": 0.9995619760890477,
    "recall": 0.999561403508772,
    "f1-score": 0.9995614016128281,
    "support": 2280.0
  }
}