run_name,epoch,global_step,train_loss,learning_rate,dev_accuracy
MNLI_3way,1,25,0.3112170303612947,0.000423728813559322,
MNLI_3way,1,50,0.3035745331272483,0.0003177966101694915,
MNLI_3way,1,75,0.3094465428094069,0.000211864406779661,
MNLI_3way,1,100,0.2927890246734023,0.0001059322033898305,
MNLI_3way,1,125,0.2802010928802192,0.0,
MNLI_3way,1,125,0.2802010928802192,0.0,0.7766666666666666
