run_name,epoch,global_step,train_loss,learning_rate,dev_accuracy
ANLI_GNLI_PROXY_3way,1,25,0.25923016225919127,0.0004597701149425287,
ANLI_GNLI_PROXY_3way,1,50,0.25384597891010346,0.0003879310344827586,
ANLI_GNLI_PROXY_3way,1,75,0.2272247874379779,0.0003160919540229885,
ANLI_GNLI_PROXY_3way,1,100,0.2215920084435493,0.0002442528735632184,
ANLI_GNLI_PROXY_3way,1,125,0.21276206573471426,0.0001724137931034483,
ANLI_GNLI_PROXY_3way,1,150,0.20683302807660464,0.00010057471264367816,
ANLI_GNLI_PROXY_3way,1,175,0.20012427529353383,2.8735632183908045e-05,
ANLI_GNLI_PROXY_3way,1,185,0.1976744257621593,0.0,1.0
