train_dataset,ANLI,GNLI_PROXY,MNLI,WANLI
ANLI,0.4152,0.999561403508772,0.7204,0.5428
ANLI+GNLI_PROXY,0.4116,1.0,0.6972,0.5452
ENHANCED_ALL_PUBLIC+GNLI_PROXY,0.3844,1.0,0.764,0.632
GNLI_PROXY,0.3292,1.0,0.622,0.4852
MNLI,0.3004,0.9732456140350877,0.7792,0.5592
MNLI+ANLI+WANLI,0.3896,0.9978070175438597,0.778,0.6116
MNLI+GNLI_PROXY,0.3008,1.0,0.78,0.5464
WANLI,0.362,0.9903508771929824,0.6656,0.6492
WANLI+GNLI_PROXY,0.3668,1.0,0.6736,0.64
