run_name,epoch,global_step,train_loss,learning_rate,dev_accuracy
ANLI_3way,1,25,0.4725673344731331,0.000423728813559322,
ANLI_3way,1,50,0.4198833081126213,0.0003177966101694915,
ANLI_3way,1,75,0.3921391095717748,0.000211864406779661,
ANLI_3way,1,100,0.3693160903453827,0.0001059322033898305,
ANLI_3way,1,125,0.36213613355159757,0.0,
ANLI_3way,1,125,0.36213613355159757,0.0,0.39
