{
  "entailment": {
    "precision": 0.8028846153846154,
    "recall": 0.6014405762304922,
    "f1-score": 0.6877144818119424,
    "support": 833.0
  },
  "neutral": {
    "precision": 0.5775547445255474,
    "recall": 0.7589928057553957,
    "f1-score": 0.655958549222798,
    "support": 834.0
  },
  "contradiction": {
    "precision": 0.6794871794871795,
    "recall": 0.6362545018007203,
    "f1-score": 0.657160570365778,
    "support": 833.0
  },
  "accuracy": 0.6656,
  "macro avg": {
    "precision": 0.6866421797991142,
    "recall": 0.6655626279288693,
    "f1-score": 0.6669445338001728,
    "support": 2500.0
  },
  "weighted avg": {
    "precision": 0.6865985448250047,
    "recall": 0.6656,
    "f1-score": 0.6669401394063418,
    "support": 2500.0
  }
}