{
  "entailment": {
    "precision": 0.6715328467153284,
    "recall": 0.6366782006920415,
    "f1-score": 0.6536412078152753,
    "support": 867.0
  },
  "neutral": {
    "precision": 0.6363636363636364,
    "recall": 0.5667046750285063,
    "f1-score": 0.5995174909529554,
    "support": 877.0
  },
  "contradiction": {
    "precision": 0.6399108138238573,
    "recall": 0.7592592592592593,
    "f1-score": 0.6944948578342408,
    "support": 756.0
  },
  "accuracy": 0.6492,
  "macro avg": {
    "precision": 0.6492690989676073,
    "recall": 0.6542140449932691,
    "f1-score": 0.6492178522008238,
    "support": 2500.0
  },
  "weighted avg": {
    "precision": 0.6496329849775739,
    "recall": 0.6492,
    "f1-score": 0.6470087517057086,
    "support": 2500.0
  }
}