{
  "entailment": {
    "precision": 0.31988041853512705,
    "recall": 0.25690276110444177,
    "f1-score": 0.28495339547270304,
    "support": 833.0
  },
  "neutral": {
    "precision": 0.40561622464898595,
    "recall": 0.3117505995203837,
    "f1-score": 0.3525423728813559,
    "support": 834.0
  },
  "contradiction": {
    "precision": 0.3621848739495798,
    "recall": 0.517406962785114,
    "f1-score": 0.42609985170538806,
    "support": 833.0
  },
  "accuracy": 0.362,
  "macro avg": {
    "precision": 0.36256050571123094,
    "recall": 0.3620201078033132,
    "f1-score": 0.354531873353149,
    "support": 2500.0
  },
  "weighted avg": {
    "precision": 0.36257772799880605,
    "recall": 0.362,
    "f1-score": 0.3545310775529603,
    "support": 2500.0
  }
}