{
  "entailment": {
    "precision": 0.44791053560918187,
    "recall": 0.8777393310265282,
    "f1-score": 0.593141075604053,
    "support": 867.0
  },
  "neutral": {
    "precision": 0.6666666666666666,
    "recall": 0.07525655644241733,
    "f1-score": 0.13524590163934427,
    "support": 877.0
  },
  "contradiction": {
    "precision": 0.5498575498575499,
    "recall": 0.5105820105820106,
    "f1-score": 0.5294924554183813,
    "support": 756.0
  },
  "accuracy": 0.4852,
  "macro avg": {
    "precision": 0.5548115840444661,
    "recall": 0.48785929935031874,
    "f1-score": 0.4192931442205929,
    "support": 2500.0
  },
  "weighted avg": {
    "precision": 0.555478963492854,
    "recall": 0.4852,
    "f1-score": 0.4132641058330861,
    "support": 2500.0
  }
}