{
  "entailment": {
    "precision": 0.33516785910842045,
    "recall": 0.7310924369747899,
    "f1-score": 0.45962264150943394,
    "support": 833.0
  },
  "neutral": {
    "precision": 0.4279475982532751,
    "recall": 0.11750599520383694,
    "f1-score": 0.18438381937911572,
    "support": 834.0
  },
  "contradiction": {
    "precision": 0.2555066079295154,
    "recall": 0.13925570228091236,
    "f1-score": 0.18026418026418026,
    "support": 833.0
  },
  "accuracy": 0.3292,
  "macro avg": {
    "precision": 0.3395406884304037,
    "recall": 0.32928471148651306,
    "f1-score": 0.2747568803842433,
    "support": 2500.0
  },
  "weighted avg": {
    "precision": 0.3395760511943328,
    "recall": 0.3292,
    "f1-score": 0.27472073115984125,
    "support": 2500.0
  }
}